{
  "api_version": "1",
  "projects": {
    "current": {
      "slug": "example",
      "language": {
        "code": "en"
      },
      "repository": {
        "url": "https://github.com/readthedocs/addons",
        "type": "git"
      },
      "programming_language": {
        "code": "words"
      },
      "versioning_scheme": "multiple_versions_with_translations",
      "urls": {
        "documentation": "http://localhost:8000/en/v1.0/",
        "home": "https://devthedocs.org/projects/example/",
        "builds": "https://devthedocs.org/projects/example/builds/",
        "downloads": "https://devthedocs.org/projects/example/downloads/"
      }
    },
    "translations": [
      {
        "slug": "example-es",
        "language": {
          "code": "es"
        },
        "urls": {
          "documentation": "http://localhost:8000/es/v1.0/"
        }
      }
    ]
  },
  "versions": {
    "active": [
      {
        "slug": "stable",
        "urls": {
          "documentation": "http://localhost:8000/en/stable/"
        }
      },
      {
        "slug": "latest",
        "urls": {
          "documentation": "http://localhost:8000/en/latest/"
        }
      },
      {
        "slug": "v1.0",
        "urls": {
          "documentation": "http://localhost:8000/en/v1.0/"
        }
      },
      {
        "slug": "v1.4",
        "urls": {
          "documentation": "http://localhost:8000/en/v1.4/"
        }
      },
      {
        "slug": "v2.0",
        "urls": {
          "documentation": "http://localhost:8000/en/v2.0/"
        }
      }
    ],
    "current": {
      "aliases": [],
      "slug": "v1.0",
      "type": "external",
      "downloads": {
        "pdf": "https://localhost:8000/_/downloads/en/v1.0/pdf/"
      },
      "urls": {
        "documentation": "https://example.readthedocs.io/en/v1.0/",
        "vcs": "https://github.com/readthedocs/addons"
      }
    }
  },
  "builds": {
    "current": {
      "id": 1,
      "urls": {
        "build": "https://readthedocs.org/dashboard/example/builds/1/"
      }
    }
  },
  "domains": {
    "dashboard": "devthedocs.org"
  },
  "readthedocs": {
    "analytics": {
      "code": "UA-12345"
    },
    "resolver": {
      "filename": "/index.html"
    }
  },
  "addons": {
    "options": {
      "root_selector": "[role=main]",
      "load_when_embedded": false
    },
    "ethicalads": {
      "ad_free": false,
      "enabled": true,
      "publisher": "readthedocs",
      "campaign_types": ["community", "house", "paid"],
      "keywords": [
        "only words",
        "readthedocs-project-12345",
        "readthedocs-project-slug",
        "test"
      ]
    },
    "analytics": {
      "enabled": true,
      "code": "UA-12345"
    },
    "linkpreviews": {
      "enabled": true
    },
    "notifications": {
      "enabled": true,
      "show_on_latest": true,
      "show_on_non_stable": true,
      "show_on_external": true
    },
    "doc_diff": {
      "enabled": true,
      "base_url": "http://localhost:8000/docdiff.changed.html"
    },
    "filetreediff": {
      "enabled": true,
      "outdated": false,
      "diff": {
        "added": [
            {
                "filename": "added.html",
                "urls": {
                    "current": "",
                    "base": ""
                }
            }
        ],
        "deleted": [
            {
                "filename": "deleted.html",
                "urls": {
                    "current": "",
                    "base": ""
                }
            }
        ],
        "modified": [
            {
                "filename": "modified.html",
                "urls": {
                    "current": "",
                    "base": ""
                }
            }
        ]
      }
    },
    "flyout": {
      "enabled": true,
      "downloads": [
        {
          "name": "PDF",
          "url": "/_/downloads/en/latest/pdf/"
        }
      ],
      "vcs": {
        "url": "https://github.com",
        "name": "GitHub",
        "view_url": "https://github.com/readthedocs/readthedocs-client",
        "username": "readthedocs",
        "repository": "reathedocs-client",
        "branch": "main",
        "filepath": "/examples/sphinx/docs/index.rst"
      }
    },
    "search": {
      "enabled": true,
      "filters": [
        ["Search only in this project", "project:example/latest"],
        ["Search subprojects", "subprojects:example/latest"]
      ],
      "default_filter": "subprojects:example/latest"
    },
    "customscript": {
      "enabled": true,
      "src": "customscript.js"
    },
    "hotkeys": {
      "enabled": true,
      "doc_diff": {
        "enabled": true,
        "trigger": "KeyD"
      },
      "search": {
        "enabled": true,
        "trigger": "Slash"
      }
    }
  }
}
