[
    {
        "pk": 1,
        "model": "auth.user",
        "fields": {
            "username": "eric",
            "first_name": "",
            "last_name": "",
            "is_active": true,
            "is_superuser": false,
            "is_staff": true,
            "last_login": "2010-08-14T01:51:05+00:00",
            "groups": [],
            "user_permissions": [],
            "password": "md5$HLrlTqy6uMMO08qQZ75Z4K$65492930ade63899137c23db46cb2253",
            "email": "e@e.co",
            "date_joined": "2010-08-14T01:50:58+00:00"
        }
    },
    {
        "pk": 2,
        "model": "auth.user",
        "fields": {
            "username": "tester",
            "first_name": "Testy",
            "last_name": "Testerson",
            "is_active": true,
            "is_superuser": false,
            "is_staff": true,
            "last_login": "2010-08-14T01:51:05+00:00",
            "groups": [],
            "user_permissions": [],
            "password": "md5$HLrlTqy6uMMO08qQZ75Z4K$65492930ade63899137c23db46cb2253",
            "email": "e@etest.co",
            "date_joined": "2010-08-14T01:50:58+00:00"
        }
    },
    {
        "pk": 3,
        "model": "auth.user",
        "fields": {
            "username": "super",
            "first_name": "",
            "last_name": "",
            "is_active": true,
            "is_superuser": true,
            "is_staff": true,
            "last_login": "2010-08-14T01:51:05+00:00",
            "groups": [],
            "user_permissions": [],
            "password": "md5$HLrlTqy6uMMO08qQZ75Z4K$65492930ade63899137c23db46cb2253",
            "email": "e@e.co",
            "date_joined": "2010-08-14T01:50:58+00:00"
        }
    }
]
